num_of_samples,mean,median,std_dev,pdf
1000,2.3104279935068918e-05,2.3264499759534374e-05,1.460889033899809e-06,dweibull
