num_of_samples,mean,median,std_dev,pdf
1000,3.3562949247425423e-06,3.094504791079089e-06,1.7882127553611764e-06,cauchy
