num_of_samples,mean,median,std_dev,pdf
1000,0.0004546924089372624,0.0004219054972054437,0.00014266909427309925,alpha
