num_of_samples,mean,median,std_dev,pdf
1000,0.0001733406188504887,0.00014831999942543916,8.64373844174269e-05,cauchy
