num_of_samples,mean,median,std_dev,pdf
1000,2.446657010295894e-06,2.459000825183466e-06,3.687759268242582e-07,cauchy
