num_of_samples,mean,median,std_dev,pdf
1000,0.00015452065896533895,0.00014381849905475974,3.304068247261418e-05,exponweib
