num_of_samples,mean,median,std_dev,pdf
1000,0.0001958698818416451,0.00018717949933488853,4.238441714334375e-05,dweibull
