num_of_samples,mean,median,std_dev,pdf
1000,0.00028130156602128407,0.00026880850055022165,4.2357190650849784e-05,exponnorm
