num_of_samples,mean,median,std_dev,pdf
1000,0.00031735102393577107,0.00030631700064986944,6.820161570382096e-05,exponnorm
