num_of_samples,mean,median,std_dev,pdf
1000,0.003951721678058675,0.003922116000467213,0.0003435286081582597,exponnorm
