num_of_samples,mean,median,std_dev,pdf
1000,8.310612410423345e-05,6.672649760730565e-05,5.512556030239045e-05,cauchy
