num_of_samples,mean,median,std_dev,pdf
1000,0.00021339785497548293,0.0001964470029633958,0.0001112589692836802,dweibull
