num_of_samples,mean,median,std_dev,pdf
1000,2.9700609229621478e-06,2.880504325730726e-06,9.360599656643329e-07,cauchy
